<application>
  <component name="DefaultFont">
    <option name="FONT_SIZE" value="15" />
    <option name="FONT_FAMILY" value="Fira Code" />
    <option name="USE_LIGATURES" value="true" />
  </component>
  <component name="EditorSettings">
    <option name="languageBreadcrumbsMap">
      <map>
        <entry key="CSS" value="true" />
        <entry key="HTML" value="true" />
        <entry key="Haml" value="true" />
        <entry key="JSON" value="true" />
        <entry key="JavaScript" value="true" />
        <entry key="LESS" value="true" />
        <entry key="Python" value="true" />
        <entry key="SASS" value="true" />
        <entry key="SCSS" value="true" />
        <entry key="Stylus" value="true" />
        <entry key="TypeScript" value="true" />
        <entry key="XHTML" value="true" />
        <entry key="XML" value="true" />
        <entry key="yaml" value="true" />
      </map>
    </option>
    <option name="USE_SOFT_WRAPS" value="MAIN_EDITOR:CONSOLE" />
    <option name="IS_WHITESPACES_SHOWN" value="true" />
    <option name="IS_CAMEL_WORDS" value="true" />
  </component>
  <component name="XmlEditorOptions">
    <option name="showCssInlineColorPreview" value="true" />
  </component>
</application>