<application>
  <component name="JupyterPersistentConnectionParameters">
    <option name="moduleParameters">
      <map>
        <entry key="C:/Clients/TalentSorter/machinelearning/.idea/ml.iml">
          <value>
            <JupyterConnectionParameters>
              <option name="readOnly" value="true" />
              <option name="token" value="2deb5cae392d6eee99003456dd10a566df3ae3f504c0d621" />
              <option name="urlString" value="http://localhost:8888" />
            </JupyterConnectionParameters>
          </value>
        </entry>
      </map>
    </option>
  </component>
  <component name="JupyterSettings">
    <option name="showVariablesView" value="false" />
  </component>
</application>