<application>
  <component name="NotRoamableUiSettings">
    <option name="editorAAType" value="Greyscale" />
  </component>
  <component name="PropertiesComponent">
    <property name="Darcula.SavedEditorTheme" value="Visual Studio" />
    <property name="Default.SavedEditorTheme" value="_@user_Default" />
    <property name="ExpandBeforeRunStepsPanel" value="true" />
    <property name="ExpandRunDashboardTypesPanel" value="false" />
    <property name="FileChooser.ShowPath" value="false" />
    <property name="KEYMAP" value="sett&#10;select all occ&#10;select next&#10;search" />
    <property name="PACKAGE_FILTER" value="factory_boy&#10;faker&#10;requests&#10;pymssql&#10;config" />
    <property name="PyCharm.InitialConfiguration" value="true" />
    <property name="PyCharm.InitialConfiguration.V2" value="true" />
    <property name="PyCharm.InitialConfiguration.V3" value="true" />
    <property name="PyCharm.InitialConfiguration.V4" value="true" />
    <property name="PyCharm.InitialConfiguration.V5" value="true" />
    <property name="PyCharm.InitialConfiguration.V6" value="true" />
    <property name="PyCharm.InitialConfiguration.V7" value="true" />
    <property name="PyCharm.initialConfigurationShown" value="true" />
    <property name="SettingsSearchHistory" value="typo&#10;export&#10;lint&#10;antial" />
    <property name="evlsprt3.183" value="16" />
    <property name="file.chooser.recent.files" value="$USER_HOME$/Downloads/gruvbox-idea-master/GruvboxDarkSoft.icls&#10;C:/temp/cirs_scripts&#10;C:/Clients/bell/cirs_scripts/NodeMasterList/updateNodeMasterList.py&#10;C:/Clients/bell" />
    <property name="file.gist.reindex.count" value="5596" />
    <property name="fileTypeChangedCounter" value="1" />
    <property name="lastTip" value="3" />
    <property name="selected.color.option.type" value="TYPO" />
    <property name="ts.lib.d.ts.version" value="3.2.1" />
  </component>
  <component name="PyTestFrameworkService">
    <option name="SDK_TO_PYTEST">
      <map>
        <entry key="C:\Users\alexs\AppData\Local\Programs\Python\Python37-32\python.exe" value="false" />
      </map>
    </option>
    <option name="SDK_TO_NOSETEST">
      <map>
        <entry key="C:\Users\alexs\AppData\Local\Programs\Python\Python37-32\python.exe" value="false" />
      </map>
    </option>
    <option name="SDK_TO_TRIALTEST">
      <map>
        <entry key="C:\Users\alexs\AppData\Local\Programs\Python\Python37-32\python.exe" value="false" />
      </map>
    </option>
  </component>
</application>