<application>
  <component name="ProjectManager">
    <defaultProject>
      <component name="PropertiesComponent">
        <property name="last_opened_file_path" value="C:/Clients/bell" />
        <property name="nodejs_interpreter_path.stuck_in_default_project" value="undefined stuck path" />
        <property name="nodejs_npm_path_reset_for_default_project" value="true" />
        <property name="settings.editor.selected.configurable" value="configurable.group.appearance" />
      </component>
    </defaultProject>
  </component>
</application>