<keymap version="1" name="Default copy" parent="$default">
  <action id="ChangesView.Diff" />
  <action id="ChangesView.GroupBy.Directory" />
  <action id="CompareTwoFiles" />
  <action id="Console.TableResult.CloneRow" />
  <action id="Console.TableResult.CompareCells" />
  <action id="CopyElement" />
  <action id="DatabaseView.CopyAction" />
  <action id="DatabaseView.CopyTable" />
  <action id="Diff.ShowDiff" />
  <action id="Diff.ShowSettingsPopup" />
  <action id="EditorDuplicate" />
  <action id="FileChooser.GotoDesktop" />
  <action id="FileChooser.TogglePathShowing" />
  <action id="GotoTest" />
  <action id="Images.ShowThumbnails" />
  <action id="ParameterInfo" />
  <action id="Run">
    <keyboard-shortcut first-keystroke="f5" />
  </action>
  <action id="RunDashboard.CopyConfiguration" />
  <action id="RunDashboard.ShowConfigurations" />
  <action id="SearchEverywhere">
    <keyboard-shortcut first-keystroke="shift ctrl t" />
    <keyboard-shortcut first-keystroke="ctrl p" />
  </action>
  <action id="SelectAllOccurrences">
    <keyboard-shortcut first-keystroke="shift ctrl alt j" />
    <keyboard-shortcut first-keystroke="shift ctrl d" />
  </action>
  <action id="SelectNextOccurrence">
    <keyboard-shortcut first-keystroke="ctrl d" />
  </action>
  <action id="SendEOF" />
  <action id="ShowSettings">
    <keyboard-shortcut first-keystroke="ctrl comma" />
  </action>
  <action id="TodoViewGroupByShowPackages" />
  <action id="UML.ApplyCurrentLayout" />
  <action id="Uml.ShowDiff" />
  <action id="XDebugger.CopyWatch" />
  <action id="openAssertEqualsDiff" />
</keymap>